,Scarborough Health Network - Centenary Hospital,Centre For Addiction and Mental Health - Queen Street Site,Sunnybrook Health Sciences Centre - Bayview Campus,Toronto Western Hospital,St. Joseph's Health Centre,Michael Garron Hospital,Etobicoke General Hospital,Humber River Hospital,Scarborough Health Network - General Campus,Scarborough Health Network - Birchmount Hospital,North York General Hospital,Toronto General Hospital,Hospital for Sick Children,Mount Sinai Hospital,Centre For Addiction and Mental Health - College Street Site,St. Michael's Hospital
M1P,0.06765977370721199,0.1904904854824437,0.11196941420845692,0.17365495027635508,0.21740600966243348,0.09071343880162687,0.32964094680060085,0.22200657279302005,0.02290555554515999,0.05571757121045851,0.09298032339893415,0.1570664215613831,0.1575372095815679,0.15948711180219383,0.16537713816781086,0.15295311539914455
M1R,0.09736060469246424,0.16151127037923277,0.08210465804816801,0.1446952511011888,0.18785289620960566,0.06566032076159269,0.30150375803189555,0.19319631522537792,0.04988419612068679,0.05352624709764788,0.06843175361499891,0.12854066891763555,0.12910384061651436,0.1309228171389717,0.13640659512757525,0.12522986991419968
M6C,0.2432345978848433,0.05022849323102873,0.06451071714284583,0.04602709287016886,0.054619911622071866,0.10639370890492238,0.17087754481762893,0.06553197855421414,0.19467077711706957,0.1642069760524099,0.1034952709710107,0.05430282488338425,0.05560746218349655,0.05335409331918481,0.045698505522669935,0.06560873595011477
M6E,0.2623653040945334,0.05573830037871518,0.08316270171416704,0.057216759629149364,0.04832884891954804,0.12572878094741177,0.1528354673170932,0.0514856932427144,0.21392847099830187,0.1808839351739935,0.11920214240775477,0.06931838260870045,0.07044801396497095,0.06791096245642476,0.05929758179921598,0.08081532783995783
M6G,0.24303179966056423,0.025536270026505277,0.07099773293742992,0.02126534813927114,0.04075116947584889,0.09805301065066391,0.18751563336701196,0.08743339270949071,0.1939604874491323,0.17346874233884918,0.11609909164736379,0.03390074009825705,0.03487833482886355,0.03222057172191709,0.02332120154915365,0.04529128366291934
M4K,0.17859727755804544,0.07559032381704323,0.04684495078296936,0.05898552301038774,0.10496684469844468,0.02975449925125904,0.24936127962200852,0.14174790448424282,0.12974544088524292,0.12827166757746947,0.0885333700951554,0.041413528609881865,0.041690454504972115,0.04388497289330218,0.05097166242027835,0.036762063107320775
M4L,0.15676066191914106,0.10563801122400272,0.07826477316837664,0.09046233875002145,0.13679794387697386,0.021278560354955255,0.28748251518192786,0.1799947067755096,0.11027208967707645,0.1314008864173385,0.10897187686388184,0.0725006744136836,0.07215885494056479,0.07483851278855952,0.08345410342519345,0.06344657270901466
M4M,0.18474297461939063,0.08183937800753974,0.08055852615688643,0.06828024080618379,0.11337283290191874,0.04042586565138423,0.2721201216789659,0.16761282654908835,0.13800238272005233,0.15269378466616015,0.12039014932649163,0.051426986169223914,0.05067006454630057,0.05342674682481483,0.06250907146431067,0.04063191577981356
M6M,0.2934954024105172,0.08387760125553716,0.11421031606817711,0.08946254877442779,0.06414746462269398,0.1604272072988767,0.11809746902938484,0.02971077350320777,0.24564257464703795,0.2062802459938253,0.14382461198555066,0.10335312844305249,0.10437843512391685,0.10174010403956828,0.09283202097154641,0.11479507871979086
M6N,0.29846660435231503,0.07253731317481035,0.11928627048511924,0.08123807631819464,0.04819643604816309,0.159749760841648,0.1264770204853913,0.04906600691007791,0.24996847536375544,0.2158798514142608,0.15372063631457183,0.09710352599028475,0.09791523382895317,0.09517336866419325,0.08607784343744787,0.10818093198115886
M6P,0.2851138594704022,0.04801902877196492,0.10843224233478087,0.058355030792511586,0.02403733120414263,0.14165720862222406,0.15119952525841768,0.0679818438535806,0.23616634962317393,0.2090634906890211,0.14829456045292438,0.07530976021567243,0.07593747314849475,0.0731782307115977,0.06417469305654659,0.08589508215000248
M8W,0.37960997470099644,0.1279433601372191,0.20468522767409905,0.14391422880809035,0.09765993844816324,0.23224432714325705,0.14062703826934891,0.13232804118113928,0.3305223900516679,0.30513916411533015,0.24380223941965842,0.16193594103454145,0.16200449699913383,0.1594846725153289,0.15171447936220786,0.17004242269080216
M8X,0.32846252434840456,0.08889789694797758,0.15012048322270694,0.10163315210475911,0.05818511195842327,0.1861252256644337,0.11942798152144447,0.0739966928730318,0.27967255701233384,0.24806952199445295,0.18604401497561934,0.11914689245185177,0.11966103923870905,0.11691804424475864,0.10806079538509399,0.129308220422356
M8Y,0.3240709427505217,0.07533031588262029,0.14888332323468995,0.09023022617597663,0.04387327922870974,0.17783643836331067,0.14260917802353543,0.09105223237063012,0.27500585220256774,0.24979080628718994,0.18893679976612085,0.1082854836400279,0.10853230833838966,0.1058941407020574,0.09761934774037241,0.11734549338855137
M4A,0.12207105690057847,0.13394047674590842,0.059890015150628195,0.11710673167435591,0.16092754669697618,0.03931392735576672,0.2828551661078922,0.17352263116428965,0.07313711669346827,0.07377131355635394,0.06285599616402511,0.10071377688633505,0.10124500579918547,0.10311210145824895,0.10882387171501193,0.09726345446236412
M4B,0.1286569169519731,0.1256503143627606,0.06668239432439839,0.10901939074343601,0.15473503376945316,0.02210793867437284,0.28875873326784307,0.17927302503056552,0.08001900140838586,0.09519150770891047,0.08184254657788903,0.09145376484455933,0.0916828003478552,0.09392813476638447,0.10094559083020298,0.08579186149500147
M4C,0.13876593939826937,0.11768958210423,0.07081835427014264,0.10146795426093179,0.14781907462071292,0.013682562825779405,0.2891756085503027,0.1801706722630374,0.0910501135298717,0.11027871402371285,0.09324144055378134,0.0834869154591297,0.0834982931863077,0.08595104620884107,0.09370671812388684,0.0764180677800502
M9B,0.37039917711290954,0.13155731428176806,0.19126482594471134,0.14484701467451006,0.10027567392288372,0.2294029726337522,0.09571996492346581,0.09864205401564628,0.32181685567659124,0.2864889255781408,0.22405993721058534,0.16246660197508458,0.16295308513183082,0.1602171476828307,0.15140059567989197,0.17250035623683724
M9C,0.3952441478794655,0.15638140274352366,0.21594315029603345,0.16993427275662895,0.12496483957843176,0.2546719207943725,0.09040138974443948,0.11885698076139442,0.3467515781529313,0.30998775690101144,0.24753290499261432,0.18761834553380907,0.18808419513992847,0.1853540718773613,0.17657070568122477,0.1975619187821176
M1S,0.062022466113395625,0.21508100182794848,0.13055741748723618,0.19834281324551448,0.24021561782087583,0.11978569961945779,0.3388846786344962,0.23412256190090114,0.041232986864089695,0.044709774736971256,0.10048781271230786,0.18266248828824272,0.183290398832086,0.18500825933035583,0.19006987450364776,0.1797543735995502
M1T,0.09861023095771727,0.17998137412887213,0.09232811317839038,0.1635232837401192,0.20340933240965225,0.0938191451539562,0.29913726658932716,0.19401193077650294,0.0608776288683042,0.021154960303573563,0.060537097337914784,0.1490475983552315,0.14985008034024086,0.1512691347710187,0.1553618665360786,0.1477270435730073
M1V,0.08364973146242634,0.2231188910994658,0.13433374829995062,0.2067397845740595,0.2458694246792355,0.13540355440243132,0.33034131862879584,0.2291560697773427,0.06886326234416347,0.033720744440469796,0.09614665362298526,0.19240759039458954,0.19321612219506856,0.19462190232971238,0.19860785806023523,0.19105377129066908
M2J,0.14282157499369327,0.15458563486272345,0.06369220761994779,0.13937921361364516,0.1734790273826717,0.09317389019011034,0.25551829371503637,0.15201911564877119,0.10263618714035824,0.04377409608862101,0.018796752932158656,0.1282349939129047,0.12935723824990455,0.13006672530399574,0.13184369056176187,0.13022187381729716
M2M,0.20594203541252415,0.14851338624139562,0.0773014574269783,0.1378705500832377,0.1560951414070445,0.13260601018600277,0.1975349558248163,0.10350351383010406,0.1663393099478055,0.10161436736818065,0.052643314311404205,0.13450122858578956,0.13595393982680118,0.135342352777759,0.13275071907226696,0.14147144263740302
M1B,0.04054187989212697,0.2869552485030808,0.20669845308575624,0.2701218046783157,0.3139230795174234,0.18522403738350718,0.41601089837443384,0.3117943335353137,0.08367341296707691,0.11889496568639756,0.17804461141934852,0.2533473211699952,0.25376446991668367,0.25578492458738344,0.26185297550039843,0.24870805093411982
M1E,0.02312137224466767,0.26399559448055093,0.1942663302420063,0.24746341701107763,0.2932530640644939,0.15924515644491927,0.4140392207349647,0.30605410667371835,0.06300381467455594,0.12833802961923438,0.17702533580652283,0.22973416636846183,0.2298719128058772,0.23221075712639072,0.2394374667099276,0.2231801784316783
M1G,0.014217718302438613,0.239871503534898,0.16573956876337026,0.2231335541774347,0.2681831848037437,0.1360980227395085,0.38373530302803927,0.27628990083685323,0.034932644629282146,0.097126965185097,0.14605585286121078,0.20578853161111677,0.20606533463415005,0.20825716441732675,0.21495965612464932,0.2001857551458673
M1J,0.043348949947901616,0.213563616653676,0.14503013607548668,0.19698949393075602,0.24271352589720596,0.10892211944582622,0.36670030850661905,0.2579268947186657,0.01910551824636674,0.09536196818191053,0.13300759211606908,0.17931608202032664,0.17948199880162655,0.18179281007077586,0.18893968410422712,0.1729941673087086
M1M,0.06177624125435309,0.20419507407739587,0.14339466863538647,0.18799135348105048,0.2342989952597595,0.09970014683671728,0.3666131909591297,0.2571938474662298,0.035974209660474786,0.10961638250989698,0.13867374012693182,0.17001227155398,0.17001064582486233,0.17247515605065455,0.18019408782794916,0.16264424520089843
M2K,0.17603380359289578,0.14167529237823562,0.05715803110048397,0.12842000338084794,0.1554957521582888,0.105608016735005,0.2229008812393859,0.12149873493309596,0.13502852383807476,0.07479573304593029,0.02091731582343126,0.12111304862532361,0.1224510673550813,0.12245668987334765,0.12193521457257633,0.12594197307799931
M2L,0.17036385998208,0.1211939052268521,0.03274390324126789,0.10685370129825138,0.1383305773758459,0.08142973503461128,0.22616028760591628,0.11960867829840088,0.12556922787641733,0.07889625359958123,0.01733139872452857,0.09789232087928165,0.0991651176055881,0.09942280537541413,0.09983377105197402,0.10187767972727131
M4N,0.19526251553058374,0.09082968730592596,0.020259808722197233,0.07771427036329727,0.10625919727636166,0.07962726476551978,0.20442150358305688,0.0952768160850571,0.1481263040057466,0.11031798978561375,0.04957177337707064,0.07185978513668906,0.0732757597281228,0.07292462486113396,0.07152354543107807,0.07827292852725608
M4P,0.19533993192736432,0.0768812486479664,0.01636297546479952,0.06256542422264774,0.09582858079563507,0.06783481864925499,0.21010122956089253,0.10060496294406426,0.14704939222513044,0.11821791757016786,0.06107891144110917,0.05506641028570746,0.05644678201557647,0.05629311553767852,0.055764923780475054,0.06101724545710294
M4R,0.21212134568925353,0.07246953991500124,0.03272834192855277,0.06094039960066137,0.08600740623063423,0.08512962018230522,0.19210248065050453,0.08262983490163857,0.16416111782786588,0.1304584423483658,0.07001005927404592,0.05871854134295933,0.0602070310141708,0.059229818468762525,0.055894418474623064,0.06721838009330325
M4S,0.1975063410611392,0.06680373744044284,0.024177876370905505,0.05157168458316634,0.0885183754552878,0.06188623451065877,0.21405020911537884,0.10519042533596888,0.1486922232366768,0.12617647494883422,0.07174041115303927,0.04258848550401335,0.04393294742908666,0.04395402378281938,0.0442691718207496,0.04820232957164201
M4T,0.20124684411012736,0.05740745523121058,0.03509972248900177,0.04131429443503931,0.08190102920212936,0.05918485491912942,0.2176647897137415,0.11006160694885236,0.1521894338317833,0.1352368748663229,0.0830401340818352,0.030482846673506783,0.03177615903927471,0.03201898925491155,0.03348935790949883,0.03578554096852957
M6R,0.27830056513271906,0.030825274239689858,0.10606785249587652,0.044172962971711256,0.006855224968672698,0.13143585745937547,0.16997187880787323,0.08589689327745201,0.22920871616381894,0.20835333258432395,0.1495370398144957,0.0621187891262294,0.06245631552161676,0.05977076083821536,0.051306860872883775,0.07168083773357839
M6S,0.302343862629387,0.05881636154009849,0.12616242593851515,0.07181413371386514,0.028440310083523226,0.15764407298823227,0.1450862198890941,0.07534759873290597,0.2533401609918545,0.22681628469656356,0.16592737368081054,0.08952637629673521,0.08997155186183188,0.08724638179377897,0.07851640295756775,0.09945624424196238
M8V,0.34296490781124783,0.08970646994648486,0.17105403499577768,0.10605853414637274,0.06068634937426905,0.19444788068667557,0.15611854593776403,0.11701073929006808,0.2938900832218977,0.27293674981262306,0.21291801254375428,0.12392523883193961,0.12389504254130483,0.12145556990511268,0.11406351297000736,0.13154394325104904
M8Z,0.34830148005202943,0.0999966718057042,0.17200433116673888,0.11501316041002399,0.06861569085530268,0.20256048891884285,0.1308693478077554,0.10127741992572695,0.2992703821772523,0.2719096688179092,0.21041055462050096,0.1330707783095358,0.13331316296816714,0.13067793860273022,0.12240086483751418,0.1420783620280061
M9A,0.3431534948307061,0.11210025451707516,0.16372294008415614,0.1235092438213145,0.08239807785333485,0.2048426894681486,0.09410075830275604,0.06988864829082247,0.29483578453489995,0.25759445531714853,0.1951410583716779,0.1404010861092244,0.14106424168910206,0.13830412905764686,0.12926759921435688,0.151060197250801
M9L,0.35196431853710597,0.17985738252646452,0.18492139179507364,0.18388239292234734,0.15915121362762222,0.2412744793160087,0.05133518610776841,0.07630345828356798,0.30834941603416216,0.2504185649048492,0.1936777745723968,0.19564396709078027,0.19685366562340514,0.19440781494507747,0.18598198659907594,0.20709981531084745
M4E,0.13606587686977323,0.12900554775228404,0.09201628199334261,0.11368977227797065,0.16009517083988223,0.03279826846780752,0.3078732874714114,0.19943688976975632,0.09144427190208325,0.12458642239100043,0.11394694559011334,0.09566941192927794,0.09538261820322104,0.09803680754305917,0.10653153257090231,0.08682353068241698
M4G,0.17359926030100353,0.08772247213860296,0.014949617875495353,0.07143520595784836,0.11166947379823416,0.04519430831676668,0.23422531490447102,0.12472367730580332,0.12484809434595097,0.10516947957170303,0.057172746069734146,0.0583530711629691,0.05937981113685384,0.06034735479119604,0.06339821932904861,0.05983596104609691
M4H,0.15833802741445108,0.09674251173325799,0.03629360154072543,0.07990789168395392,0.12408533191067413,0.023451857693535628,0.25560184641249073,0.14625302630900242,0.10924552685008422,0.10331459597605631,0.06774339072585062,0.06362394868861249,0.06421023359269863,0.06600021092860951,0.07162667989182044,0.06094774594676381
M1W,0.11859116451163541,0.1858224536028792,0.0950544165785749,0.17008513717605778,0.20611748071516844,0.11151755816323435,0.2857585793707275,0.18440846095127852,0.08629885800007384,0.012136686251559904,0.052373533778028995,0.15755596984596856,0.15855695997653846,0.1595645972894581,0.16226206514612684,0.1581397393939705
M1X,0.05375785718806459,0.26281786541994234,0.17762814173951424,0.24607634148150875,0.2878311258702376,0.1662055921759699,0.37971927999237337,0.2775962947412688,0.07255271430742803,0.08232444532184043,0.14383567882859308,0.23032824692456533,0.2309378010734893,0.23268357199100326,0.23780186950551344,0.2272068832663536
M2H,0.154252517057469,0.16992277234130918,0.08072761940173655,0.15562320594103463,0.18590725969617686,0.11630512128271633,0.2510576386278514,0.15256053858149643,0.11867429089464385,0.04821893677956266,0.03287857276604112,0.1461590596049878,0.14738265916091517,0.1477950036212103,0.14854033799734678,0.1493153553434688
M2N,0.20653531191444127,0.12455623337605994,0.05741857774339052,0.11394183151915623,0.1329056041730614,0.1156874321488742,0.19089020219125163,0.08921123298706948,0.16350699226634524,0.10719494566706539,0.048255364416009805,0.11103278684179899,0.11249829765339373,0.11178447161459548,0.10893540832362199,0.11841260258742939
M2P,0.1955688258225126,0.1085324577916646,0.035448747900846234,0.09633080835059787,0.12103351578199298,0.09425291767295496,0.20106916240038003,0.09433971092226741,0.1503256531057597,0.10273494184838898,0.040298567639256905,0.09142104371683085,0.09285106330407605,0.09240703515376131,0.09054463588313111,0.09800053275361287
M4J,0.16116664467187583,0.09332877202231761,0.05200548936729405,0.07681585206006197,0.12289090684512853,0.011903006164628098,0.26474540225949345,0.15623274183576424,0.11249426619616089,0.11732211118302019,0.08574194849117821,0.059075653059970916,0.05925217889455147,0.06155239811604098,0.06885849684385435,0.05332344827749718
M3C,0.15087730713927522,0.110172834721373,0.029614939696706574,0.09361753476210949,0.13485595053113736,0.04071106239896041,0.25274048378111,0.14332841558137804,0.10240528324525447,0.08438916636561858,0.04722964763767424,0.07916620369589,0.08001357364192305,0.08135516025012615,0.08542639661403642,0.07861128556387621
M3H,0.25088210050142573,0.11282838326897421,0.08372574273871808,0.10811392362637799,0.10994855751379855,0.14232542924164485,0.14562418807764896,0.04383691165871907,0.2061918112545408,0.15338321802830746,0.0931080364825694,0.11268892266396378,0.11414741052175456,0.11242343541162671,0.1062724490566828,0.12291814929159439
M9M,0.33823958373512425,0.15382054797498299,0.16612288749772322,0.1586397061390698,0.13235842535802086,0.22046640836428927,0.05824150180973709,0.05347540970125625,0.29314298371765524,0.23974681474859946,0.18042656424642994,0.17118920075530172,0.17234274843125577,0.16982354202441474,0.16120404988657294,0.1826828345580319
M9N,0.32177284320930877,0.11819589904909622,0.14417822184345716,0.12461366268274127,0.09518003791449108,0.19390543677852123,0.08297171191339464,0.033829248664241335,0.2748366888444046,0.2292182764409201,0.16738573341940868,0.1386001872603333,0.1396318899771161,0.13699649872103098,0.12808880513409793,0.15004836340991845
M9P,0.33842749436282754,0.12484447568102325,0.1599241241626934,0.13330959962094935,0.09859057795706708,0.20737804061823228,0.07424255945643243,0.05223060990859862,0.29109951460744043,0.24716944098075397,0.18512827725213613,0.14855342958729564,0.14946061415817433,0.14675066368158562,0.13768969287972718,0.15982514519051816
M3B,0.15654960426112344,0.11872590644110939,0.028076962601408174,0.10309571976845833,0.13963116229970246,0.06351516251151121,0.2412339182193733,0.13305263151274327,0.11010740440039761,0.07440165476242505,0.02507817841718156,0.09136073830204539,0.09246115487005478,0.09323499923460751,0.09537744594560113,0.09328203477206093
M3L,0.31375401523065094,0.1307648002209306,0.1402647623616165,0.13434819963833183,0.11194272680755477,0.19436648675014107,0.08325378794817892,0.027432114127022435,0.26814332853909845,0.21698774312745006,0.15660374787857784,0.14615329495802704,0.14735009987334133,0.1448881266110994,0.13643205639937958,0.15762290913258034
M1K,0.07719443416362107,0.1780516578412342,0.11193568529795604,0.16147132991714253,0.20722147019420195,0.07348612766138804,0.3349214341344386,0.2256153580557856,0.030951500407294646,0.08555601699067995,0.10718258991444352,0.14380956155721253,0.1439854585738099,0.14628616774230063,0.1534225120862794,0.13761039500726632
M1L,0.10531572532320155,0.150765344075191,0.09159460596017138,0.13433587143304276,0.18042520555984634,0.04595899713557412,0.31455798423021775,0.20501474971318517,0.05831593947367433,0.09424946913045441,0.09797388547622138,0.11650041353469937,0.11660089962559401,0.11897521453728893,0.12640339519622112,0.10987132660306118
M1N,0.10469510307135763,0.16192907071144552,0.11311703192027486,0.14622079367582486,0.19271164521234027,0.059931417898632516,0.33458683638394543,0.22524589094308323,0.06420619955513018,0.11561035213327743,0.12264784865728803,0.12814423497342486,0.12797724079802944,0.13056293542014047,0.138766442065699,0.11987675249051336
M5A,0.2002546845453509,0.05799343974528884,0.06740470008407967,0.04335270401999836,0.08930418177335447,0.05011241149418259,0.2467346190505453,0.14300541337157102,0.15201017487673804,0.15441876954791967,0.11262081865075227,0.026011239954890714,0.02534696804877742,0.02810575008271006,0.03713685994929612,0.01583182718092832
M5B,0.21199104316190326,0.04334454252455737,0.0648590810513353,0.027892445654538477,0.07423810567456891,0.061932238029226254,0.23132156919714658,0.12859243437885826,0.16328918196460324,0.15917604577349526,0.11221638748547057,0.010236907121981128,0.009646523474535798,0.012388179011507862,0.021368713537458575,0.004287607024749551
M5C,0.21426196248283763,0.04391603644025944,0.07211810271169124,0.03024234980980975,0.07538204644600567,0.0639858707502119,0.2360990034727774,0.13462383002256798,0.16584164935946574,0.16478137847436092,0.11918659359305409,0.0151022619457172,0.013899126256295916,0.016440712036180378,0.025341024240999852,0.003894452852253839
M5E,0.21594831214942237,0.045803942413608655,0.078089951920399,0.03380455988612804,0.07731760150907283,0.06595574148691405,0.24050386663681897,0.1400089833192254,0.16781874159750076,0.16928902781993396,0.12487496740406515,0.02073892968439864,0.019388265645106876,0.021656415083139702,0.030075677953411067,0.010266613499057773
M5G,0.21877738197896496,0.03614549578772408,0.06736479707668586,0.020694379591056463,0.06699762525959907,0.06890113539933015,0.22524442479317788,0.12358860432324528,0.16999436325207026,0.16392550392341115,0.11515775823327562,0.00408539737340515,0.0028620536331176337,0.005533756264158295,0.014620498513487784,0.007562309513609787
M5H,0.22087371621695778,0.03691451507378014,0.07448072366470904,0.023847990294451348,0.0684142077730944,0.07059888541122764,0.2304231623800897,0.13012569070388366,0.17234817356734936,0.16941176952716533,0.12206938247069087,0.011717549571113648,0.010239194963999571,0.01205763294217451,0.020055228416757963,0.006658714555770207
M5J,0.23416932963310527,0.0399945784967572,0.09587963921471035,0.035382736562145994,0.06938434603933659,0.08485867873896955,0.23898317798951502,0.1437207941591063,0.1864177750863466,0.18896958270693967,0.14330445529378644,0.03216301017812322,0.03070317001628219,0.031495542412411974,0.036323367798725796,0.026865035849881737
M5M,0.21787641674364377,0.09054140118158857,0.04417223706278586,0.08094349913468864,0.09871804383037591,0.1024239549552212,0.18042662901042827,0.07170175895652584,0.1713789238285079,0.12785695508298586,0.06541370946989715,0.0804752816285217,0.08196857898649043,0.08083264500288677,0.07674980733804561,0.08926939012728514
M6H,0.25992956321306554,0.029685201331062897,0.08528139124405006,0.034675339380184564,0.02790582004151441,0.11571000940586211,0.17220788514592747,0.07691065267544572,0.2109037814645599,0.18728075623994242,0.12809689965367363,0.05033870224551576,0.05112195152503347,0.048375541101991305,0.039279769691667826,0.06137319304563751
M5V,0.24493842169137928,0.014724792397986538,0.08927152087459313,0.014978612060343947,0.04549237279663744,0.09480473027132244,0.21360175549229493,0.11940999410713633,0.19623349503714405,0.1887930710540127,0.13709926516092646,0.025966702013608848,0.025309285756183467,0.023684888027646834,0.021133383983207056,0.03074588387541894
M6A,0.25209560394622527,0.08559629897007469,0.07541968248380918,0.08227430007205613,0.0822590290445444,0.1294568779865328,0.14793060048671303,0.038398272619860514,0.20525603952045,0.16149706967366853,0.09910514150599778,0.0890849901353367,0.09048071387216937,0.08846551136984743,0.08144139138859027,0.09996668848527125
M6B,0.25313430802011894,0.07107850352259835,0.07409115319959138,0.06875176234964551,0.06774575862116707,0.12380100263802836,0.15207459440916227,0.043985629265308274,0.2054377683903213,0.166772511259201,0.10443654405382814,0.07711351353899965,0.0784461918462987,0.07624822231941102,0.06867263862778675,0.08831566591742752
M2R,0.24010894141285424,0.13798552310324022,0.08958394965477978,0.13102713701445315,0.13825668471414004,0.1490968287009654,0.1607995437446973,0.07027362776498094,0.19833940661044114,0.1375043152021182,0.08272626651258924,0.1325765786634316,0.1340693304587773,0.13275312185998941,0.1278708423897994,0.1417198828264674
M3A,0.1278436073622154,0.14277031313694216,0.055129419822528045,0.12642888513200537,0.16596456360034464,0.06529655790361123,0.26909165442467464,0.1615847601170962,0.0823658171277127,0.05095979028420012,0.03548257269103101,0.11249732023347025,0.1133788137611145,0.11464778196514194,0.11832877371309754,0.11204373224649104
M6J,0.25012618258703706,0.0055482890543170306,0.08563235233703793,0.012928239701810083,0.033687283523076525,0.10133532003623565,0.19790038417448017,0.10345929254590416,0.20111239125303024,0.18741228550302683,0.1324930895025553,0.030952625067069257,0.03108646747449451,0.02851325281202646,0.020959630506126873,0.039897939304594725
M6K,0.2648440404951545,0.011683607918246904,0.09859150919536003,0.02761539721701035,0.019905154829273398,0.11600777762999905,0.18954671333394968,0.10092334742095238,0.21582264169689996,0.2008317124490827,0.14465656271906271,0.045522540546199405,0.04555936337886013,0.04306144803036189,0.035687292786187576,0.05383619223163298
M6L,0.2912439403336821,0.09898455975254616,0.11385569709716255,0.10215081275349323,0.08244274024911195,0.16500224534716712,0.11087214449527628,0.010071100888123229,0.24432208091292068,0.1994683468501972,0.1373683187167772,0.11408497741711296,0.11526196473117913,0.11277563618576397,0.10426663945943455,0.12556950993280733
M1C,0.049280377106685785,0.2997581345459026,0.22814600924089515,0.28318087313296464,0.3288311107092987,0.19507424643851537,0.4457496848936424,0.33866191193669226,0.09683742359320409,0.15390700576636376,0.2074609250700864,0.26550844287655856,0.265667857602964,0.26798520358086175,0.27512143038929787,0.2590716977527429
M1H,0.03674627532697902,0.21799036849856107,0.14283043349412894,0.20120490118898363,0.24593972757492075,0.11501606952358924,0.3611715438848186,0.2535108544648156,0.0131672456835253,0.07907834924732189,0.12405053894032038,0.18404403631978494,0.18437575733551617,0.18650359977292078,0.19299153694396998,0.1788541059030714
M3J,0.28436919615958234,0.14155258586553923,0.12194178535295148,0.13994168706196664,0.131473272660361,0.18064307750676686,0.11517530688616527,0.04251050412721033,0.2412123189899705,0.1829592159873883,0.126140702256145,0.14711475113525696,0.14851875864677844,0.14652368860638237,0.13945900285045998,0.1579038675636445
M3K,0.26865464760379626,0.10176554806961756,0.09460037078365391,0.10052883304010778,0.09308051951492112,0.14991400150390866,0.12902109029268435,0.02118597351350957,0.22262139494522337,0.17435514406624572,0.11275148284849267,0.10877803534916777,0.11013487232679213,0.10799302897832799,0.10052296137896834,0.11986412661935361
M9R,0.3650859276597257,0.14636873600882644,0.18649398839997522,0.15630893715173227,0.11791095772465028,0.23306638922005293,0.05761819071880774,0.07800573448681651,0.31772788519352296,0.27342836995550174,0.21152920632825992,0.17231569839777153,0.17313024816045722,0.17038798901510965,0.16129229415576352,0.18338847883324838
M9V,0.391324207089636,0.20202943983857832,0.22044870813021114,0.20886777360352343,0.17694074653821998,0.2745223577600847,0.013982560449300945,0.10747853970366487,0.34681681182953206,0.2909775558439784,0.23310978252388584,0.22266659305880523,0.22373073386221348,0.22111933700907266,0.21226025459692816,0.23414127061701515
M9W,0.3858356235214447,0.17850723230852117,0.209764155668468,0.187346576507345,0.15105704738943201,0.2599920175432671,0.023837523153976355,0.09652229808968699,0.33960099977031194,0.2897090356719043,0.22924150392113687,0.202581838943601,0.20349955810449658,0.20079356360969636,0.19173785762050474,0.21387088882804348
M3M,0.29364736804759906,0.11466818505382337,0.11941463034323711,0.11661791419605023,0.09936129387477818,0.17363186731376182,0.10397282881423589,0.008074151567999437,0.2477215829419077,0.19825677504443684,0.13717265249772254,0.12733711439001247,0.1285905861084696,0.12621875893080767,0.11803067255963941,0.13873388860663105
M3N,0.3164216309655021,0.1529042611543138,0.14960706705255922,0.15473063263470985,0.13636905343949002,0.20667924770974327,0.08246850335233856,0.04633449131782397,0.2725974776014506,0.21564952806548557,0.15812189058501075,0.16487939336731133,0.16617197554792884,0.16387100298542173,0.15586821614514274,0.17618498878154784
M4W,0.19345516492259035,0.061588788916897105,0.0389607197303537,0.044782562706083696,0.08892063234848717,0.04797144846738965,0.23001544735571347,0.12266432715930121,0.14437250791077505,0.1336191292902004,0.08585013919986521,0.02962753236722179,0.030509528062237504,0.031811960322637625,0.03649545745482116,0.030635786932709692
M4X,0.19734147990709844,0.05706447315828633,0.05390374030227585,0.04068484419617648,0.0870472281098656,0.04775355092014335,0.23773109947264828,0.132251775112207,0.14853150340584448,0.1447249205762233,0.10000247993153864,0.022798693956161083,0.022965913675863134,0.025274945676645538,0.03294919085146525,0.01844648110182863
M4Y,0.20975702945667532,0.04433410891042204,0.05647710509595384,0.027671722593435935,0.0738022465055338,0.06082807878253312,0.22577117568411836,0.12161110494088288,0.16081386649287788,0.1528620841269813,0.10415478621647742,0.010617234579655984,0.011334665701702233,0.012979227005217624,0.01970223585265564,0.01335417433013039
M5N,0.22569584430808798,0.06840942700304281,0.04635088608353804,0.05962459182119778,0.07729227422009591,0.09721069005553992,0.1791382858729928,0.06989782070319005,0.17778066197363893,0.14252851627550417,0.08112676450714426,0.06148896928790417,0.06296930759575421,0.061451735850738376,0.05624677916362583,0.07138449028934012
M4V,0.21911889517451325,0.04618368472039016,0.045864609953539845,0.03298659077738318,0.06600618442558423,0.07795234768425141,0.19984009325161467,0.09345137976452379,0.17014639442317167,0.1483170559134866,0.0919169151642251,0.03136759207338538,0.032856598382248,0.031510797352500265,0.027601913797771778,0.041199082814161535
M5P,0.22394194716290988,0.05377060439508516,0.04593665381282184,0.043472689170020624,0.0675435945592506,0.08777176181462562,0.18841004759483285,0.08078456624842348,0.17530579425956558,0.14726475745600426,0.0880793017205138,0.04491576505069685,0.046389106146882325,0.04481679203895488,0.039662005912378846,0.05505790416323148
M5R,0.2250234278166832,0.03479808150908879,0.05622802482019647,0.0208397253173227,0.05778029001329288,0.07991821236865489,0.20232567084796496,0.09847727603188063,0.17593664058058545,0.1582296086846142,0.10318071928181158,0.021724629921767134,0.023124892843882913,0.02120743635150347,0.01574162429904658,0.032766113423343984
M5S,0.2260989163454306,0.02866359626204597,0.06405513107958068,0.012035977486181326,0.05666457545640098,0.0780128708069883,0.21049911403171206,0.10872543986821571,0.177057532696971,0.16452622324321364,0.11180389692643483,0.01094559249984892,0.012079556484939896,0.009647958008028111,0.004207354111065837,0.022439009096583664
M5T,0.2304746443202341,0.023778034802871856,0.07274923261129707,0.008165667947420385,0.05437490981818368,0.08102949657145224,0.21448483722108322,0.11496918903648488,0.18157043526793482,0.17219491632835413,0.12063941578138078,0.010497647297269139,0.010445332133439693,0.008020917799650543,0.005821513276989106,0.01951110192984505
