<?xml version="1.0" encoding="UTF-8"?>
<metadata xml:lang="en"><Esri><CreaDate>20120924</CreaDate><CreaTime>16514000</CreaTime><SyncOnce>TRUE</SyncOnce><DataProperties><lineage><Process ToolSource="C:\Program Files\ArcGIS\Desktop10.0\ArcToolbox\Toolboxes\Data Management Tools.tbx\CalculateField" Date="20120924" Time="155455">CalculateField 1981_TorontoCT_polygon CMAID 535 VB #</Process><Process ToolSource="C:\Program Files\ArcGIS\Desktop10.0\ArcToolbox\Toolboxes\Data Management Tools.tbx\CalculateField" Date="20121023" Time="140841">CalculateField 1981_TorontoCT_polygon CTUID "[CTUID] +".00"" VB #</Process><Process ToolSource="C:\Program Files\ArcGIS\Desktop10.0\ArcToolbox\Toolboxes\Data Management Tools.tbx\CalculateField" Date="20121024" Time="152623">CalculateField 1981_TorontoCT_polygon CMAID 535 VB #</Process><Process ToolSource="C:\Program Files\ArcGIS\Desktop10.0\ArcToolbox\Toolboxes\Data Management Tools.tbx\CalculateField" Date="20121205" Time="113915">CalculateField 1981_TorontoCT_polygon CMAUID [CMAID] VB #</Process><Process ToolSource="C:\Program Files\ArcGIS\Desktop10.0\ArcToolbox\Toolboxes\Data Management Tools.tbx\CalculateField" Date="20121205" Time="113933">CalculateField 1981_TorontoCT_polygon CTNAME [CTUID] VB #</Process><Process ToolSource="C:\Program Files\ArcGIS\Desktop10.0\ArcToolbox\Toolboxes\Data Management Tools.tbx\CalculateField" Date="20121205" Time="113954">CalculateField 1981_TorontoCT_polygon CTUID "[CMAUID]&amp;"0"&amp; [CTNAME]" VB #</Process></lineage><itemProps><itemLocation><linkage Sync="TRUE">file://\\192-84\GIS$\STAFF\JH\1981\1981_TorontoCT_polygon</linkage><protocol Sync="TRUE">Local Area Network</protocol></itemLocation></itemProps><copyHistory><copy source="U:\STAFF\JH\1976\1981_TorontoCT_polygon" dest="\\192-84\GIS$\STAFF\JH\1981\1981_TorontoCT_polygon" date="20120924" time="16514000"></copy></copyHistory></DataProperties></Esri></metadata>
